Day,Month,Year,Date_Id
1,1,2020,1
2,1,2020,2
3,1,2020,3
4,1,2020,4
5,1,2020,5
6,1,2020,6
7,1,2020,7
8,1,2020,8
9,1,2020,9
10,1,2020,10
11,1,2020,11
12,1,2020,12
13,1,2020,13
14,1,2020,14
15,1,2020,15
16,1,2020,16
17,1,2020,17
18,1,2020,18
19,1,2020,19
20,1,2020,20
21,1,2020,21
22,1,2020,22
23,1,2020,23
24,1,2020,24
25,1,2020,25
26,1,2020,26
27,1,2020,27
28,1,2020,28
29,1,2020,29
30,1,2020,30
31,1,2020,31
1,2,2020,32
2,2,2020,33
3,2,2020,34
4,2,2020,35
5,2,2020,36
6,2,2020,37
7,2,2020,38
8,2,2020,39
9,2,2020,40
10,2,2020,41
11,2,2020,42
12,2,2020,43
13,2,2020,44
14,2,2020,45
15,2,2020,46
16,2,2020,47
17,2,2020,48
18,2,2020,49
19,2,2020,50
20,2,2020,51
21,2,2020,52
22,2,2020,53
23,2,2020,54
24,2,2020,55
25,2,2020,56
26,2,2020,57
27,2,2020,58
28,2,2020,59
29,2,2020,60
1,3,2020,61
2,3,2020,62
3,3,2020,63
4,3,2020,64
5,3,2020,65
6,3,2020,66
7,3,2020,67
8,3,2020,68
9,3,2020,69
10,3,2020,70
11,3,2020,71
12,3,2020,72
13,3,2020,73
14,3,2020,74
15,3,2020,75
16,3,2020,76
17,3,2020,77
18,3,2020,78
19,3,2020,79
20,3,2020,80
21,3,2020,81
22,3,2020,82
23,3,2020,83
24,3,2020,84
25,3,2020,85
26,3,2020,86
27,3,2020,87
28,3,2020,88
29,3,2020,89
30,3,2020,90
31,3,2020,91
1,4,2020,92
2,4,2020,93
3,4,2020,94
4,4,2020,95
5,4,2020,96
6,4,2020,97
7,4,2020,98
8,4,2020,99
9,4,2020,100
10,4,2020,101
11,4,2020,102
12,4,2020,103
13,4,2020,104
14,4,2020,105
15,4,2020,106
16,4,2020,107
17,4,2020,108
18,4,2020,109
19,4,2020,110
20,4,2020,111
21,4,2020,112
22,4,2020,113
23,4,2020,114
24,4,2020,115
25,4,2020,116
26,4,2020,117
27,4,2020,118
28,4,2020,119
29,4,2020,120
30,4,2020,121
1,5,2020,122
2,5,2020,123
3,5,2020,124
4,5,2020,125
5,5,2020,126
6,5,2020,127
7,5,2020,128
8,5,2020,129
9,5,2020,130
10,5,2020,131
11,5,2020,132
12,5,2020,133
13,5,2020,134
14,5,2020,135
15,5,2020,136
16,5,2020,137
17,5,2020,138
18,5,2020,139
19,5,2020,140
20,5,2020,141
21,5,2020,142
22,5,2020,143
23,5,2020,144
24,5,2020,145
25,5,2020,146
26,5,2020,147
27,5,2020,148
28,5,2020,149
29,5,2020,150
30,5,2020,151
31,5,2020,152
1,6,2020,153
2,6,2020,154
3,6,2020,155
4,6,2020,156
5,6,2020,157
6,6,2020,158
7,6,2020,159
8,6,2020,160
9,6,2020,161
10,6,2020,162
11,6,2020,163
12,6,2020,164
13,6,2020,165
14,6,2020,166
15,6,2020,167
16,6,2020,168
17,6,2020,169
18,6,2020,170
19,6,2020,171
20,6,2020,172
21,6,2020,173
22,6,2020,174
23,6,2020,175
24,6,2020,176
25,6,2020,177
26,6,2020,178
27,6,2020,179
28,6,2020,180
29,6,2020,181
30,6,2020,182
1,7,2020,183
2,7,2020,184
3,7,2020,185
4,7,2020,186
5,7,2020,187
6,7,2020,188
7,7,2020,189
8,7,2020,190
9,7,2020,191
10,7,2020,192
11,7,2020,193
12,7,2020,194
13,7,2020,195
14,7,2020,196
15,7,2020,197
16,7,2020,198
17,7,2020,199
18,7,2020,200
19,7,2020,201
20,7,2020,202
21,7,2020,203
22,7,2020,204
23,7,2020,205
24,7,2020,206
25,7,2020,207
26,7,2020,208
27,7,2020,209
28,7,2020,210
29,7,2020,211
30,7,2020,212
31,7,2020,213
1,8,2020,214
2,8,2020,215
3,8,2020,216
4,8,2020,217
5,8,2020,218
6,8,2020,219
7,8,2020,220
8,8,2020,221
9,8,2020,222
10,8,2020,223
11,8,2020,224
12,8,2020,225
13,8,2020,226
14,8,2020,227
15,8,2020,228
16,8,2020,229
17,8,2020,230
18,8,2020,231
19,8,2020,232
20,8,2020,233
21,8,2020,234
22,8,2020,235
23,8,2020,236
24,8,2020,237
25,8,2020,238
26,8,2020,239
27,8,2020,240
28,8,2020,241
29,8,2020,242
30,8,2020,243
31,8,2020,244
1,9,2020,245
2,9,2020,246
3,9,2020,247
4,9,2020,248
5,9,2020,249
6,9,2020,250
7,9,2020,251
8,9,2020,252
9,9,2020,253
10,9,2020,254
11,9,2020,255
12,9,2020,256
13,9,2020,257
14,9,2020,258
15,9,2020,259
16,9,2020,260
17,9,2020,261
18,9,2020,262
19,9,2020,263
20,9,2020,264
21,9,2020,265
22,9,2020,266
23,9,2020,267
24,9,2020,268
25,9,2020,269
26,9,2020,270
27,9,2020,271
28,9,2020,272
29,9,2020,273
30,9,2020,274
1,10,2020,275
2,10,2020,276
3,10,2020,277
4,10,2020,278
5,10,2020,279
6,10,2020,280
7,10,2020,281
8,10,2020,282
9,10,2020,283
10,10,2020,284
11,10,2020,285
12,10,2020,286
13,10,2020,287
14,10,2020,288
15,10,2020,289
16,10,2020,290
17,10,2020,291
18,10,2020,292
19,10,2020,293
20,10,2020,294
21,10,2020,295
22,10,2020,296
23,10,2020,297
24,10,2020,298
25,10,2020,299
26,10,2020,300
27,10,2020,301
28,10,2020,302
29,10,2020,303
30,10,2020,304
31,10,2020,305
1,11,2020,306
2,11,2020,307
3,11,2020,308
4,11,2020,309
5,11,2020,310
6,11,2020,311
7,11,2020,312
8,11,2020,313
9,11,2020,314
10,11,2020,315
11,11,2020,316
12,11,2020,317
13,11,2020,318
14,11,2020,319
15,11,2020,320
16,11,2020,321
17,11,2020,322
18,11,2020,323
19,11,2020,324
20,11,2020,325
21,11,2020,326
22,11,2020,327
23,11,2020,328
24,11,2020,329
25,11,2020,330
26,11,2020,331
27,11,2020,332
28,11,2020,333
29,11,2020,334
30,11,2020,335
1,12,2020,336
2,12,2020,337
3,12,2020,338
4,12,2020,339
5,12,2020,340
6,12,2020,341
7,12,2020,342
8,12,2020,343
9,12,2020,344
10,12,2020,345
11,12,2020,346
12,12,2020,347
13,12,2020,348
14,12,2020,349
15,12,2020,350
16,12,2020,351
17,12,2020,352
18,12,2020,353
19,12,2020,354
20,12,2020,355
21,12,2020,356
22,12,2020,357
23,12,2020,358
24,12,2020,359
25,12,2020,360
26,12,2020,361
27,12,2020,362
28,12,2020,363
29,12,2020,364
30,12,2020,365
31,12,2020,366
1,1,2021,367
2,1,2021,368
3,1,2021,369
4,1,2021,370
5,1,2021,371
6,1,2021,372
7,1,2021,373
8,1,2021,374
9,1,2021,375
10,1,2021,376
11,1,2021,377
12,1,2021,378
13,1,2021,379
14,1,2021,380
15,1,2021,381
16,1,2021,382
17,1,2021,383
18,1,2021,384
19,1,2021,385
20,1,2021,386
21,1,2021,387
22,1,2021,388
23,1,2021,389
24,1,2021,390
25,1,2021,391
26,1,2021,392
27,1,2021,393
28,1,2021,394
29,1,2021,395
30,1,2021,396
31,1,2021,397
1,2,2021,398
2,2,2021,399
3,2,2021,400
4,2,2021,401
5,2,2021,402
6,2,2021,403
7,2,2021,404
8,2,2021,405
9,2,2021,406
10,2,2021,407
11,2,2021,408
12,2,2021,409
13,2,2021,410
14,2,2021,411
15,2,2021,412
16,2,2021,413
17,2,2021,414
18,2,2021,415
19,2,2021,416
20,2,2021,417
21,2,2021,418
22,2,2021,419
23,2,2021,420
24,2,2021,421
25,2,2021,422
26,2,2021,423
27,2,2021,424
28,2,2021,425
1,3,2021,426
2,3,2021,427
3,3,2021,428
4,3,2021,429
5,3,2021,430
6,3,2021,431
7,3,2021,432
8,3,2021,433
9,3,2021,434
10,3,2021,435
11,3,2021,436
12,3,2021,437
13,3,2021,438
14,3,2021,439
15,3,2021,440
16,3,2021,441
17,3,2021,442
18,3,2021,443
19,3,2021,444
20,3,2021,445
21,3,2021,446
22,3,2021,447
23,3,2021,448
24,3,2021,449
25,3,2021,450
26,3,2021,451
27,3,2021,452
28,3,2021,453
29,3,2021,454
30,3,2021,455
31,3,2021,456
1,4,2021,457
2,4,2021,458
3,4,2021,459
4,4,2021,460
5,4,2021,461
6,4,2021,462
7,4,2021,463
8,4,2021,464
9,4,2021,465
10,4,2021,466
11,4,2021,467
12,4,2021,468
13,4,2021,469
14,4,2021,470
15,4,2021,471
16,4,2021,472
17,4,2021,473
18,4,2021,474
19,4,2021,475
20,4,2021,476
21,4,2021,477
22,4,2021,478
23,4,2021,479
24,4,2021,480
25,4,2021,481
26,4,2021,482
27,4,2021,483
28,4,2021,484
29,4,2021,485
30,4,2021,486
1,5,2021,487
2,5,2021,488
3,5,2021,489
4,5,2021,490
5,5,2021,491
6,5,2021,492
7,5,2021,493
8,5,2021,494
9,5,2021,495
10,5,2021,496
11,5,2021,497
12,5,2021,498
13,5,2021,499
14,5,2021,500
15,5,2021,501
16,5,2021,502
17,5,2021,503
18,5,2021,504
19,5,2021,505
20,5,2021,506
21,5,2021,507
22,5,2021,508
23,5,2021,509
24,5,2021,510
25,5,2021,511
26,5,2021,512
27,5,2021,513
28,5,2021,514
29,5,2021,515
30,5,2021,516
31,5,2021,517
1,6,2021,518
2,6,2021,519
3,6,2021,520
4,6,2021,521
5,6,2021,522
6,6,2021,523
7,6,2021,524
8,6,2021,525
9,6,2021,526
10,6,2021,527
11,6,2021,528
12,6,2021,529
13,6,2021,530
14,6,2021,531
15,6,2021,532
16,6,2021,533
17,6,2021,534
18,6,2021,535
19,6,2021,536
20,6,2021,537
21,6,2021,538
22,6,2021,539
23,6,2021,540
24,6,2021,541
25,6,2021,542
26,6,2021,543
27,6,2021,544
28,6,2021,545
29,6,2021,546
30,6,2021,547
1,7,2021,548
2,7,2021,549
3,7,2021,550
4,7,2021,551
5,7,2021,552
6,7,2021,553
7,7,2021,554
8,7,2021,555
9,7,2021,556
10,7,2021,557
11,7,2021,558
12,7,2021,559
13,7,2021,560
14,7,2021,561
15,7,2021,562
16,7,2021,563
17,7,2021,564
18,7,2021,565
19,7,2021,566
20,7,2021,567
21,7,2021,568
22,7,2021,569
23,7,2021,570
24,7,2021,571
25,7,2021,572
26,7,2021,573
27,7,2021,574
28,7,2021,575
29,7,2021,576
30,7,2021,577
31,7,2021,578
1,8,2021,579
2,8,2021,580
3,8,2021,581
4,8,2021,582
5,8,2021,583
6,8,2021,584
7,8,2021,585
8,8,2021,586
9,8,2021,587
10,8,2021,588
11,8,2021,589
12,8,2021,590
13,8,2021,591
14,8,2021,592
15,8,2021,593
16,8,2021,594
17,8,2021,595
18,8,2021,596
19,8,2021,597
20,8,2021,598
21,8,2021,599
22,8,2021,600
23,8,2021,601
24,8,2021,602
25,8,2021,603
26,8,2021,604
27,8,2021,605
28,8,2021,606
29,8,2021,607
30,8,2021,608
31,8,2021,609
1,9,2021,610
2,9,2021,611
3,9,2021,612
4,9,2021,613
5,9,2021,614
6,9,2021,615
7,9,2021,616
8,9,2021,617
9,9,2021,618
10,9,2021,619
11,9,2021,620
12,9,2021,621
13,9,2021,622
14,9,2021,623
15,9,2021,624
16,9,2021,625
17,9,2021,626
18,9,2021,627
19,9,2021,628
20,9,2021,629
21,9,2021,630
22,9,2021,631
23,9,2021,632
24,9,2021,633
25,9,2021,634
26,9,2021,635
27,9,2021,636
28,9,2021,637
29,9,2021,638
30,9,2021,639
1,10,2021,640
2,10,2021,641
3,10,2021,642
4,10,2021,643
5,10,2021,644
6,10,2021,645
7,10,2021,646
8,10,2021,647
9,10,2021,648
10,10,2021,649
11,10,2021,650
12,10,2021,651
13,10,2021,652
14,10,2021,653
15,10,2021,654
16,10,2021,655
17,10,2021,656
18,10,2021,657
19,10,2021,658
20,10,2021,659
21,10,2021,660
22,10,2021,661
23,10,2021,662
24,10,2021,663
25,10,2021,664
26,10,2021,665
27,10,2021,666
28,10,2021,667
29,10,2021,668
30,10,2021,669
31,10,2021,670
1,11,2021,671
2,11,2021,672
3,11,2021,673
4,11,2021,674
5,11,2021,675
6,11,2021,676
7,11,2021,677
8,11,2021,678
9,11,2021,679
10,11,2021,680
11,11,2021,681
12,11,2021,682
13,11,2021,683
14,11,2021,684
15,11,2021,685
16,11,2021,686
17,11,2021,687
18,11,2021,688
19,11,2021,689
20,11,2021,690
21,11,2021,691
22,11,2021,692
23,11,2021,693
24,11,2021,694
25,11,2021,695
26,11,2021,696
27,11,2021,697
28,11,2021,698
29,11,2021,699
30,11,2021,700
1,12,2021,701
2,12,2021,702
3,12,2021,703
4,12,2021,704
5,12,2021,705
6,12,2021,706
7,12,2021,707
8,12,2021,708
9,12,2021,709
10,12,2021,710
11,12,2021,711
12,12,2021,712
13,12,2021,713
14,12,2021,714
15,12,2021,715
16,12,2021,716
17,12,2021,717
18,12,2021,718
19,12,2021,719
20,12,2021,720
21,12,2021,721
22,12,2021,722
23,12,2021,723
24,12,2021,724
25,12,2021,725
26,12,2021,726
27,12,2021,727
28,12,2021,728
29,12,2021,729
30,12,2021,730
31,12,2021,731
1,1,2022,732
2,1,2022,733
3,1,2022,734
4,1,2022,735
5,1,2022,736
6,1,2022,737
7,1,2022,738
8,1,2022,739
9,1,2022,740
10,1,2022,741
11,1,2022,742
12,1,2022,743
13,1,2022,744
14,1,2022,745
15,1,2022,746
16,1,2022,747
17,1,2022,748
18,1,2022,749
19,1,2022,750
20,1,2022,751
21,1,2022,752
22,1,2022,753
23,1,2022,754
24,1,2022,755
25,1,2022,756
26,1,2022,757
27,1,2022,758
28,1,2022,759
29,1,2022,760
30,1,2022,761
31,1,2022,762
1,2,2022,763
2,2,2022,764
3,2,2022,765
4,2,2022,766
5,2,2022,767
6,2,2022,768
7,2,2022,769
8,2,2022,770
9,2,2022,771
10,2,2022,772
11,2,2022,773
12,2,2022,774
13,2,2022,775
14,2,2022,776
15,2,2022,777
16,2,2022,778
17,2,2022,779
18,2,2022,780
19,2,2022,781
20,2,2022,782
21,2,2022,783
22,2,2022,784
23,2,2022,785
24,2,2022,786
25,2,2022,787
26,2,2022,788
27,2,2022,789
28,2,2022,790
1,3,2022,791
2,3,2022,792
3,3,2022,793
4,3,2022,794
5,3,2022,795
6,3,2022,796
7,3,2022,797
8,3,2022,798
9,3,2022,799
10,3,2022,800
11,3,2022,801
12,3,2022,802
13,3,2022,803
14,3,2022,804
15,3,2022,805
16,3,2022,806
17,3,2022,807
18,3,2022,808
19,3,2022,809
20,3,2022,810
21,3,2022,811
22,3,2022,812
23,3,2022,813
24,3,2022,814
25,3,2022,815
26,3,2022,816
27,3,2022,817
28,3,2022,818
29,3,2022,819
30,3,2022,820
31,3,2022,821
1,4,2022,822
2,4,2022,823
3,4,2022,824
4,4,2022,825
5,4,2022,826
6,4,2022,827
7,4,2022,828
8,4,2022,829
9,4,2022,830
10,4,2022,831
11,4,2022,832
12,4,2022,833
13,4,2022,834
14,4,2022,835
15,4,2022,836
16,4,2022,837
17,4,2022,838
18,4,2022,839
19,4,2022,840
20,4,2022,841
21,4,2022,842
22,4,2022,843
23,4,2022,844
24,4,2022,845
25,4,2022,846
26,4,2022,847
27,4,2022,848
28,4,2022,849
29,4,2022,850
30,4,2022,851
1,5,2022,852
2,5,2022,853
3,5,2022,854
4,5,2022,855
5,5,2022,856
6,5,2022,857
7,5,2022,858
8,5,2022,859
9,5,2022,860
10,5,2022,861
11,5,2022,862
12,5,2022,863
13,5,2022,864
14,5,2022,865
15,5,2022,866
16,5,2022,867
17,5,2022,868
18,5,2022,869
19,5,2022,870
20,5,2022,871
21,5,2022,872
22,5,2022,873
23,5,2022,874
24,5,2022,875
25,5,2022,876
26,5,2022,877
27,5,2022,878
28,5,2022,879
29,5,2022,880
30,5,2022,881
31,5,2022,882
1,6,2022,883
2,6,2022,884
3,6,2022,885
4,6,2022,886
5,6,2022,887
6,6,2022,888
7,6,2022,889
8,6,2022,890
9,6,2022,891
10,6,2022,892
11,6,2022,893
12,6,2022,894
13,6,2022,895
14,6,2022,896
15,6,2022,897
16,6,2022,898
17,6,2022,899
18,6,2022,900
19,6,2022,901
20,6,2022,902
21,6,2022,903
22,6,2022,904
23,6,2022,905
24,6,2022,906
25,6,2022,907
26,6,2022,908
27,6,2022,909
28,6,2022,910
29,6,2022,911
30,6,2022,912
1,7,2022,913
2,7,2022,914
3,7,2022,915
4,7,2022,916
5,7,2022,917
6,7,2022,918
7,7,2022,919
8,7,2022,920
9,7,2022,921
10,7,2022,922
11,7,2022,923
12,7,2022,924
13,7,2022,925
14,7,2022,926
15,7,2022,927
16,7,2022,928
17,7,2022,929
18,7,2022,930
19,7,2022,931
20,7,2022,932
21,7,2022,933
22,7,2022,934
23,7,2022,935
24,7,2022,936
25,7,2022,937
26,7,2022,938
27,7,2022,939
28,7,2022,940
29,7,2022,941
30,7,2022,942
31,7,2022,943
1,8,2022,944
2,8,2022,945
3,8,2022,946
4,8,2022,947
5,8,2022,948
6,8,2022,949
7,8,2022,950
8,8,2022,951
9,8,2022,952
10,8,2022,953
11,8,2022,954
12,8,2022,955
13,8,2022,956
14,8,2022,957
15,8,2022,958
16,8,2022,959
17,8,2022,960
18,8,2022,961
19,8,2022,962
20,8,2022,963
21,8,2022,964
22,8,2022,965
23,8,2022,966
24,8,2022,967
25,8,2022,968
26,8,2022,969
27,8,2022,970
28,8,2022,971
29,8,2022,972
30,8,2022,973
31,8,2022,974
1,9,2022,975
2,9,2022,976
3,9,2022,977
4,9,2022,978
5,9,2022,979
6,9,2022,980
7,9,2022,981
8,9,2022,982
9,9,2022,983
10,9,2022,984
11,9,2022,985
12,9,2022,986
13,9,2022,987
14,9,2022,988
15,9,2022,989
16,9,2022,990
17,9,2022,991
18,9,2022,992
19,9,2022,993
20,9,2022,994
21,9,2022,995
22,9,2022,996
23,9,2022,997
24,9,2022,998
25,9,2022,999
26,9,2022,1000
27,9,2022,1001
28,9,2022,1002
29,9,2022,1003
30,9,2022,1004
1,10,2022,1005
2,10,2022,1006
3,10,2022,1007
4,10,2022,1008
5,10,2022,1009
6,10,2022,1010
7,10,2022,1011
8,10,2022,1012
9,10,2022,1013
10,10,2022,1014
11,10,2022,1015
12,10,2022,1016
13,10,2022,1017
14,10,2022,1018
15,10,2022,1019
16,10,2022,1020
17,10,2022,1021
18,10,2022,1022
19,10,2022,1023
20,10,2022,1024
21,10,2022,1025
22,10,2022,1026
23,10,2022,1027
24,10,2022,1028
25,10,2022,1029
26,10,2022,1030
27,10,2022,1031
28,10,2022,1032
29,10,2022,1033
30,10,2022,1034
31,10,2022,1035
1,11,2022,1036
2,11,2022,1037
3,11,2022,1038
4,11,2022,1039
5,11,2022,1040
6,11,2022,1041
7,11,2022,1042
8,11,2022,1043
9,11,2022,1044
10,11,2022,1045
11,11,2022,1046
12,11,2022,1047
13,11,2022,1048
14,11,2022,1049
15,11,2022,1050
16,11,2022,1051
17,11,2022,1052
18,11,2022,1053
19,11,2022,1054
20,11,2022,1055
21,11,2022,1056
22,11,2022,1057
23,11,2022,1058
24,11,2022,1059
25,11,2022,1060
26,11,2022,1061
27,11,2022,1062
28,11,2022,1063
29,11,2022,1064
30,11,2022,1065
1,12,2022,1066
2,12,2022,1067
3,12,2022,1068
4,12,2022,1069
5,12,2022,1070
6,12,2022,1071
7,12,2022,1072
8,12,2022,1073
9,12,2022,1074
10,12,2022,1075
11,12,2022,1076
12,12,2022,1077
13,12,2022,1078
14,12,2022,1079
15,12,2022,1080
16,12,2022,1081
17,12,2022,1082
18,12,2022,1083
19,12,2022,1084
20,12,2022,1085
21,12,2022,1086
22,12,2022,1087
23,12,2022,1088
24,12,2022,1089
25,12,2022,1090
26,12,2022,1091
27,12,2022,1092
28,12,2022,1093
29,12,2022,1094
30,12,2022,1095
31,12,2022,1096
1,1,2023,1097
2,1,2023,1098
3,1,2023,1099
4,1,2023,1100
5,1,2023,1101
6,1,2023,1102
7,1,2023,1103
8,1,2023,1104
9,1,2023,1105
10,1,2023,1106
11,1,2023,1107
12,1,2023,1108
13,1,2023,1109
14,1,2023,1110
15,1,2023,1111
16,1,2023,1112
17,1,2023,1113
18,1,2023,1114
19,1,2023,1115
20,1,2023,1116
21,1,2023,1117
22,1,2023,1118
23,1,2023,1119
24,1,2023,1120
25,1,2023,1121
26,1,2023,1122
27,1,2023,1123
28,1,2023,1124
29,1,2023,1125
30,1,2023,1126
31,1,2023,1127
1,2,2023,1128
2,2,2023,1129
3,2,2023,1130
4,2,2023,1131
5,2,2023,1132
6,2,2023,1133
7,2,2023,1134
8,2,2023,1135
9,2,2023,1136
10,2,2023,1137
11,2,2023,1138
12,2,2023,1139
13,2,2023,1140
14,2,2023,1141
15,2,2023,1142
16,2,2023,1143
17,2,2023,1144
18,2,2023,1145
19,2,2023,1146
20,2,2023,1147
21,2,2023,1148
22,2,2023,1149
23,2,2023,1150
24,2,2023,1151
25,2,2023,1152
26,2,2023,1153
27,2,2023,1154
28,2,2023,1155
1,3,2023,1156
2,3,2023,1157
3,3,2023,1158
4,3,2023,1159
5,3,2023,1160
6,3,2023,1161
7,3,2023,1162
8,3,2023,1163
9,3,2023,1164
10,3,2023,1165
11,3,2023,1166
12,3,2023,1167
13,3,2023,1168
14,3,2023,1169
15,3,2023,1170
16,3,2023,1171
17,3,2023,1172
18,3,2023,1173
19,3,2023,1174
20,3,2023,1175
21,3,2023,1176
22,3,2023,1177
23,3,2023,1178
24,3,2023,1179
25,3,2023,1180
26,3,2023,1181
27,3,2023,1182
28,3,2023,1183
29,3,2023,1184
30,3,2023,1185
31,3,2023,1186
1,4,2023,1187
2,4,2023,1188
3,4,2023,1189
4,4,2023,1190
5,4,2023,1191
6,4,2023,1192
7,4,2023,1193
8,4,2023,1194
9,4,2023,1195
10,4,2023,1196
11,4,2023,1197
12,4,2023,1198
13,4,2023,1199
14,4,2023,1200
15,4,2023,1201
16,4,2023,1202
17,4,2023,1203
18,4,2023,1204
19,4,2023,1205
20,4,2023,1206
21,4,2023,1207
22,4,2023,1208
23,4,2023,1209
24,4,2023,1210
25,4,2023,1211
26,4,2023,1212
27,4,2023,1213
28,4,2023,1214
29,4,2023,1215
30,4,2023,1216
1,5,2023,1217
2,5,2023,1218
3,5,2023,1219
4,5,2023,1220
5,5,2023,1221
6,5,2023,1222
7,5,2023,1223
8,5,2023,1224
9,5,2023,1225
10,5,2023,1226
11,5,2023,1227
12,5,2023,1228
13,5,2023,1229
14,5,2023,1230
15,5,2023,1231
16,5,2023,1232
17,5,2023,1233
18,5,2023,1234
19,5,2023,1235
20,5,2023,1236
21,5,2023,1237
22,5,2023,1238
23,5,2023,1239
24,5,2023,1240
25,5,2023,1241
26,5,2023,1242
27,5,2023,1243
28,5,2023,1244
29,5,2023,1245
30,5,2023,1246
31,5,2023,1247
1,6,2023,1248
2,6,2023,1249
3,6,2023,1250
4,6,2023,1251
5,6,2023,1252
6,6,2023,1253
7,6,2023,1254
8,6,2023,1255
9,6,2023,1256
10,6,2023,1257
11,6,2023,1258
12,6,2023,1259
13,6,2023,1260
14,6,2023,1261
15,6,2023,1262
16,6,2023,1263
17,6,2023,1264
18,6,2023,1265
19,6,2023,1266
20,6,2023,1267
21,6,2023,1268
22,6,2023,1269
23,6,2023,1270
24,6,2023,1271
25,6,2023,1272
26,6,2023,1273
27,6,2023,1274
28,6,2023,1275
29,6,2023,1276
30,6,2023,1277
1,7,2023,1278
2,7,2023,1279
3,7,2023,1280
4,7,2023,1281
5,7,2023,1282
6,7,2023,1283
7,7,2023,1284
8,7,2023,1285
9,7,2023,1286
10,7,2023,1287
11,7,2023,1288
12,7,2023,1289
13,7,2023,1290
14,7,2023,1291
15,7,2023,1292
16,7,2023,1293
17,7,2023,1294
18,7,2023,1295
19,7,2023,1296
20,7,2023,1297
21,7,2023,1298
22,7,2023,1299
23,7,2023,1300
24,7,2023,1301
25,7,2023,1302
26,7,2023,1303
27,7,2023,1304
28,7,2023,1305
29,7,2023,1306
30,7,2023,1307
31,7,2023,1308
1,8,2023,1309
2,8,2023,1310
3,8,2023,1311
4,8,2023,1312
5,8,2023,1313
6,8,2023,1314
7,8,2023,1315
8,8,2023,1316
9,8,2023,1317
10,8,2023,1318
11,8,2023,1319
12,8,2023,1320
13,8,2023,1321
14,8,2023,1322
15,8,2023,1323
16,8,2023,1324
17,8,2023,1325
18,8,2023,1326
19,8,2023,1327
20,8,2023,1328
21,8,2023,1329
22,8,2023,1330
23,8,2023,1331
24,8,2023,1332
25,8,2023,1333
26,8,2023,1334
27,8,2023,1335
28,8,2023,1336
29,8,2023,1337
30,8,2023,1338
31,8,2023,1339
1,9,2023,1340
2,9,2023,1341
3,9,2023,1342
4,9,2023,1343
5,9,2023,1344
6,9,2023,1345
7,9,2023,1346
8,9,2023,1347
9,9,2023,1348
10,9,2023,1349
11,9,2023,1350
12,9,2023,1351
13,9,2023,1352
14,9,2023,1353
15,9,2023,1354
16,9,2023,1355
17,9,2023,1356
18,9,2023,1357
19,9,2023,1358
20,9,2023,1359
21,9,2023,1360
22,9,2023,1361
23,9,2023,1362
24,9,2023,1363
25,9,2023,1364
26,9,2023,1365
27,9,2023,1366
28,9,2023,1367
29,9,2023,1368
30,9,2023,1369
1,10,2023,1370
2,10,2023,1371
3,10,2023,1372
4,10,2023,1373
5,10,2023,1374
6,10,2023,1375
7,10,2023,1376
8,10,2023,1377
9,10,2023,1378
10,10,2023,1379
11,10,2023,1380
12,10,2023,1381
13,10,2023,1382
14,10,2023,1383
15,10,2023,1384
16,10,2023,1385
17,10,2023,1386
18,10,2023,1387
19,10,2023,1388
20,10,2023,1389
21,10,2023,1390
22,10,2023,1391
23,10,2023,1392
24,10,2023,1393
25,10,2023,1394
26,10,2023,1395
27,10,2023,1396
28,10,2023,1397
29,10,2023,1398
30,10,2023,1399
31,10,2023,1400
1,11,2023,1401
2,11,2023,1402
3,11,2023,1403
4,11,2023,1404
5,11,2023,1405
6,11,2023,1406
7,11,2023,1407
8,11,2023,1408
9,11,2023,1409
10,11,2023,1410
11,11,2023,1411
12,11,2023,1412
13,11,2023,1413
14,11,2023,1414
15,11,2023,1415
16,11,2023,1416
17,11,2023,1417
18,11,2023,1418
19,11,2023,1419
20,11,2023,1420
21,11,2023,1421
22,11,2023,1422
23,11,2023,1423
24,11,2023,1424
25,11,2023,1425
26,11,2023,1426
27,11,2023,1427
28,11,2023,1428
29,11,2023,1429
30,11,2023,1430
1,12,2023,1431
2,12,2023,1432
3,12,2023,1433
4,12,2023,1434
5,12,2023,1435
6,12,2023,1436
7,12,2023,1437
8,12,2023,1438
9,12,2023,1439
10,12,2023,1440
11,12,2023,1441
12,12,2023,1442
13,12,2023,1443
14,12,2023,1444
15,12,2023,1445
16,12,2023,1446
17,12,2023,1447
18,12,2023,1448
19,12,2023,1449
20,12,2023,1450
21,12,2023,1451
22,12,2023,1452
23,12,2023,1453
24,12,2023,1454
25,12,2023,1455
26,12,2023,1456
27,12,2023,1457
28,12,2023,1458
29,12,2023,1459
30,12,2023,1460
31,12,2023,1461
1,1,2024,1462
2,1,2024,1463
3,1,2024,1464
4,1,2024,1465
5,1,2024,1466
6,1,2024,1467
7,1,2024,1468
8,1,2024,1469
9,1,2024,1470
10,1,2024,1471
11,1,2024,1472
12,1,2024,1473
13,1,2024,1474
14,1,2024,1475
15,1,2024,1476
16,1,2024,1477
17,1,2024,1478
18,1,2024,1479
19,1,2024,1480
20,1,2024,1481
21,1,2024,1482
22,1,2024,1483
23,1,2024,1484
24,1,2024,1485
25,1,2024,1486
26,1,2024,1487
27,1,2024,1488
28,1,2024,1489
29,1,2024,1490
30,1,2024,1491
31,1,2024,1492
1,2,2024,1493
2,2,2024,1494
3,2,2024,1495
4,2,2024,1496
5,2,2024,1497
6,2,2024,1498
7,2,2024,1499
8,2,2024,1500
9,2,2024,1501
10,2,2024,1502
11,2,2024,1503
12,2,2024,1504
13,2,2024,1505
14,2,2024,1506
15,2,2024,1507
16,2,2024,1508
17,2,2024,1509
18,2,2024,1510
19,2,2024,1511
20,2,2024,1512
21,2,2024,1513
22,2,2024,1514
23,2,2024,1515
24,2,2024,1516
25,2,2024,1517
26,2,2024,1518
27,2,2024,1519
28,2,2024,1520
29,2,2024,1521
1,3,2024,1522
2,3,2024,1523
3,3,2024,1524
4,3,2024,1525
5,3,2024,1526
6,3,2024,1527
7,3,2024,1528
8,3,2024,1529
9,3,2024,1530
10,3,2024,1531
11,3,2024,1532
12,3,2024,1533
13,3,2024,1534
14,3,2024,1535
15,3,2024,1536
16,3,2024,1537
17,3,2024,1538
18,3,2024,1539
19,3,2024,1540
20,3,2024,1541
21,3,2024,1542
22,3,2024,1543
23,3,2024,1544
24,3,2024,1545
25,3,2024,1546
26,3,2024,1547
27,3,2024,1548
28,3,2024,1549
29,3,2024,1550
30,3,2024,1551
31,3,2024,1552
1,4,2024,1553
2,4,2024,1554
3,4,2024,1555
4,4,2024,1556
5,4,2024,1557
6,4,2024,1558
7,4,2024,1559
8,4,2024,1560
9,4,2024,1561
10,4,2024,1562
11,4,2024,1563
12,4,2024,1564
13,4,2024,1565
14,4,2024,1566
15,4,2024,1567
16,4,2024,1568
17,4,2024,1569
18,4,2024,1570
19,4,2024,1571
20,4,2024,1572
21,4,2024,1573
22,4,2024,1574
23,4,2024,1575
24,4,2024,1576
25,4,2024,1577
26,4,2024,1578
27,4,2024,1579
28,4,2024,1580
29,4,2024,1581
30,4,2024,1582
1,5,2024,1583
2,5,2024,1584
3,5,2024,1585
4,5,2024,1586
5,5,2024,1587
6,5,2024,1588
7,5,2024,1589
8,5,2024,1590
9,5,2024,1591
10,5,2024,1592
11,5,2024,1593
12,5,2024,1594
13,5,2024,1595
14,5,2024,1596
15,5,2024,1597
16,5,2024,1598
17,5,2024,1599
18,5,2024,1600
19,5,2024,1601
20,5,2024,1602
21,5,2024,1603
22,5,2024,1604
23,5,2024,1605
24,5,2024,1606
25,5,2024,1607
26,5,2024,1608
27,5,2024,1609
28,5,2024,1610
29,5,2024,1611
30,5,2024,1612
31,5,2024,1613
1,6,2024,1614
2,6,2024,1615
3,6,2024,1616
4,6,2024,1617
5,6,2024,1618
6,6,2024,1619
7,6,2024,1620
8,6,2024,1621
9,6,2024,1622
10,6,2024,1623
11,6,2024,1624
12,6,2024,1625
13,6,2024,1626
14,6,2024,1627
15,6,2024,1628
16,6,2024,1629
17,6,2024,1630
18,6,2024,1631
19,6,2024,1632
20,6,2024,1633
21,6,2024,1634
22,6,2024,1635
23,6,2024,1636
24,6,2024,1637
25,6,2024,1638
26,6,2024,1639
27,6,2024,1640
28,6,2024,1641
29,6,2024,1642
30,6,2024,1643
1,7,2024,1644
2,7,2024,1645
3,7,2024,1646
4,7,2024,1647
5,7,2024,1648
6,7,2024,1649
7,7,2024,1650
8,7,2024,1651
9,7,2024,1652
10,7,2024,1653
11,7,2024,1654
12,7,2024,1655
13,7,2024,1656
14,7,2024,1657
15,7,2024,1658
16,7,2024,1659
17,7,2024,1660
18,7,2024,1661
19,7,2024,1662
20,7,2024,1663
21,7,2024,1664
22,7,2024,1665
23,7,2024,1666
24,7,2024,1667
25,7,2024,1668
26,7,2024,1669
27,7,2024,1670
28,7,2024,1671
29,7,2024,1672
30,7,2024,1673
31,7,2024,1674
1,8,2024,1675
2,8,2024,1676
3,8,2024,1677
4,8,2024,1678
5,8,2024,1679
6,8,2024,1680
7,8,2024,1681
8,8,2024,1682
9,8,2024,1683
10,8,2024,1684
11,8,2024,1685
12,8,2024,1686
13,8,2024,1687
14,8,2024,1688
15,8,2024,1689
16,8,2024,1690
17,8,2024,1691
18,8,2024,1692
19,8,2024,1693
20,8,2024,1694
21,8,2024,1695
22,8,2024,1696
23,8,2024,1697
24,8,2024,1698
25,8,2024,1699
26,8,2024,1700
27,8,2024,1701
28,8,2024,1702
29,8,2024,1703
30,8,2024,1704
31,8,2024,1705
1,9,2024,1706
2,9,2024,1707
3,9,2024,1708
4,9,2024,1709
5,9,2024,1710
6,9,2024,1711
7,9,2024,1712
8,9,2024,1713
9,9,2024,1714
10,9,2024,1715
11,9,2024,1716
12,9,2024,1717
13,9,2024,1718
14,9,2024,1719
15,9,2024,1720
16,9,2024,1721
17,9,2024,1722
18,9,2024,1723
19,9,2024,1724
20,9,2024,1725
21,9,2024,1726
22,9,2024,1727
23,9,2024,1728
24,9,2024,1729
25,9,2024,1730
26,9,2024,1731
27,9,2024,1732
28,9,2024,1733
29,9,2024,1734
30,9,2024,1735
1,10,2024,1736
2,10,2024,1737
3,10,2024,1738
4,10,2024,1739
5,10,2024,1740
6,10,2024,1741
7,10,2024,1742
8,10,2024,1743
9,10,2024,1744
10,10,2024,1745
11,10,2024,1746
12,10,2024,1747
13,10,2024,1748
14,10,2024,1749
15,10,2024,1750
16,10,2024,1751
17,10,2024,1752
18,10,2024,1753
19,10,2024,1754
20,10,2024,1755
21,10,2024,1756
22,10,2024,1757
23,10,2024,1758
24,10,2024,1759
25,10,2024,1760
26,10,2024,1761
27,10,2024,1762
28,10,2024,1763
29,10,2024,1764
30,10,2024,1765
31,10,2024,1766
1,11,2024,1767
2,11,2024,1768
3,11,2024,1769
4,11,2024,1770
5,11,2024,1771
6,11,2024,1772
7,11,2024,1773
8,11,2024,1774
9,11,2024,1775
10,11,2024,1776
11,11,2024,1777
12,11,2024,1778
13,11,2024,1779
14,11,2024,1780
15,11,2024,1781
16,11,2024,1782
17,11,2024,1783
18,11,2024,1784
19,11,2024,1785
20,11,2024,1786
21,11,2024,1787
22,11,2024,1788
23,11,2024,1789
24,11,2024,1790
25,11,2024,1791
26,11,2024,1792
27,11,2024,1793
28,11,2024,1794
29,11,2024,1795
30,11,2024,1796
1,12,2024,1797
2,12,2024,1798
3,12,2024,1799
4,12,2024,1800
5,12,2024,1801
6,12,2024,1802
7,12,2024,1803
8,12,2024,1804
9,12,2024,1805
10,12,2024,1806
11,12,2024,1807
12,12,2024,1808
13,12,2024,1809
14,12,2024,1810
15,12,2024,1811
16,12,2024,1812
17,12,2024,1813
18,12,2024,1814
19,12,2024,1815
20,12,2024,1816
21,12,2024,1817
22,12,2024,1818
23,12,2024,1819
24,12,2024,1820
25,12,2024,1821
26,12,2024,1822
27,12,2024,1823
28,12,2024,1824
29,12,2024,1825
30,12,2024,1826
31,12,2024,1827
